<?xml version="1.0" encoding="utf-8"?>
<browserconfig>
  <msapplication>
    <tile>
      <square70x70logo src="/assets/dotslash/img/favicons/mstile-70x70.png?v=3exM9xPQwJ"/>
      <square150x150logo src="/assets/dotslash/img/favicons/mstile-150x150.png?v=3exM9xPQwJ"/>
      <square310x310logo src="/assets/dotslash/img/favicons/mstile-310x310.png?v=3exM9xPQwJ"/>
      <wide310x150logo src="/assets/dotslash/img/favicons/mstile-310x150.png?v=3exM9xPQwJ"/>
      <TileColor>#ffc40d</TileColor>
    </tile>
  </msapplication>
</browserconfig>
